{ "global" : [ 
		{ "name" : "main", "type" : "int", "class" : "func" } 	]	 ,

 "local" : [ 
		 { "function" : "main", "var" : "i", "type" : "int", "class" : "var" } , 
		 { "function" : "main", "var" : "k", "type" : "int", "class" : "var" } 	],
 "code" : 
[		{ "call"   :  { "function"  : "main" , "param" : [ ]  }  } ,
		{ "assign" :  { "path" : "main" ,  "first" : 997 ,  "addr" : 997 ,  "value" : 0 , "global" : false    }   },
		{ "ref"    :  { "first" : 997, "addr" : 997,  "global" : false  }   } ,
		{ "assign" :  { "path" : "main" ,  "first" : 997 ,  "addr" : 998 ,  "value" : 0 , "global" : false    }   },
		{ "ref"    :  { "first" : 997, "addr" : 998,  "global" : false  }   } ,
		{ "ref"    :  { "first" : 997, "addr" : 997,  "global" : false  }   } ,
		{ "ref"    :  { "first" : 997, "addr" : 998,  "global" : false  }   } ,
		{ "printf" : 0 } ,
		{ "ref"    :  { "first" : 997, "addr" : 998,  "global" : false  }   } ,
		{ "assign" :  { "path" : "main" ,  "first" : 997 ,  "addr" : 998 ,  "value" : 1 , "global" : false    }   },
		{ "ref"    :  { "first" : 997, "addr" : 998,  "global" : false  }   } ,
		{ "ref"    :  { "first" : 997, "addr" : 997,  "global" : false  }   } ,
		{ "ref"    :  { "first" : 997, "addr" : 998,  "global" : false  }   } ,
		{ "printf" : 0 } ,
		{ "ref"    :  { "first" : 997, "addr" : 998,  "global" : false  }   } ,
		{ "assign" :  { "path" : "main" ,  "first" : 997 ,  "addr" : 998 ,  "value" : 2 , "global" : false    }   },
		{ "ref"    :  { "first" : 997, "addr" : 998,  "global" : false  }   } ,
		{ "ref"    :  { "first" : 997, "addr" : 997,  "global" : false  }   } ,
		{ "ref"    :  { "first" : 997, "addr" : 998,  "global" : false  }   } ,
		{ "printf" : 0 } ,
		{ "ref"    :  { "first" : 997, "addr" : 998,  "global" : false  }   } ,
		{ "assign" :  { "path" : "main" ,  "first" : 997 ,  "addr" : 998 ,  "value" : 3 , "global" : false    }   },
		{ "ref"    :  { "first" : 997, "addr" : 998,  "global" : false  }   } ,
		{ "ref"    :  { "first" : 997, "addr" : 997,  "global" : false  }   } ,
		{ "ref"    :  { "first" : 997, "addr" : 998,  "global" : false  }   } ,
		{ "printf" : 0 } ,
		{ "ref"    :  { "first" : 997, "addr" : 998,  "global" : false  }   } ,
		{ "assign" :  { "path" : "main" ,  "first" : 997 ,  "addr" : 998 ,  "value" : 4 , "global" : false    }   },
		{ "ref"    :  { "first" : 997, "addr" : 998,  "global" : false  }   } ,
		{ "ref"    :  { "first" : 997, "addr" : 997,  "global" : false  }   } ,
		{ "ref"    :  { "first" : 997, "addr" : 998,  "global" : false  }   } ,
		{ "printf" : 0 } ,
		{ "ref"    :  { "first" : 997, "addr" : 998,  "global" : false  }   } ,
		{ "assign" :  { "path" : "main" ,  "first" : 997 ,  "addr" : 998 ,  "value" : 5 , "global" : false    }   },
		{ "ref"    :  { "first" : 997, "addr" : 998,  "global" : false  }   } ,
		{ "ref"    :  { "first" : 997, "addr" : 997,  "global" : false  }   } ,
		{ "ref"    :  { "first" : 997, "addr" : 998,  "global" : false  }   } ,
		{ "printf" : 0 } ,
		{ "ref"    :  { "first" : 997, "addr" : 998,  "global" : false  }   } ,
		{ "assign" :  { "path" : "main" ,  "first" : 997 ,  "addr" : 998 ,  "value" : 6 , "global" : false    }   },
		{ "ref"    :  { "first" : 997, "addr" : 998,  "global" : false  }   } ,
		{ "ref"    :  { "first" : 997, "addr" : 997,  "global" : false  }   } ,
		{ "ref"    :  { "first" : 997, "addr" : 998,  "global" : false  }   } ,
		{ "printf" : 0 } ,
		{ "ref"    :  { "first" : 997, "addr" : 998,  "global" : false  }   } ,
		{ "assign" :  { "path" : "main" ,  "first" : 997 ,  "addr" : 998 ,  "value" : 7 , "global" : false    }   },
		{ "ref"    :  { "first" : 997, "addr" : 998,  "global" : false  }   } ,
		{ "ref"    :  { "first" : 997, "addr" : 997,  "global" : false  }   } ,
		{ "ref"    :  { "first" : 997, "addr" : 998,  "global" : false  }   } ,
		{ "printf" : 0 } ,
		{ "ref"    :  { "first" : 997, "addr" : 998,  "global" : false  }   } ,
		{ "assign" :  { "path" : "main" ,  "first" : 997 ,  "addr" : 998 ,  "value" : 8 , "global" : false    }   },
		{ "ref"    :  { "first" : 997, "addr" : 998,  "global" : false  }   } ,
		{ "ref"    :  { "first" : 997, "addr" : 997,  "global" : false  }   } ,
		{ "ref"    :  { "first" : 997, "addr" : 998,  "global" : false  }   } ,
		{ "printf" : 0 } ,
		{ "ref"    :  { "first" : 997, "addr" : 998,  "global" : false  }   } ,
		{ "assign" :  { "path" : "main" ,  "first" : 997 ,  "addr" : 998 ,  "value" : 9 , "global" : false    }   },
		{ "ref"    :  { "first" : 997, "addr" : 998,  "global" : false  }   } ,
		{ "ref"    :  { "first" : 997, "addr" : 997,  "global" : false  }   } ,
		{ "ref"    :  { "first" : 997, "addr" : 998,  "global" : false  }   } ,
		{ "printf" : 0 } ,
		{ "ref"    :  { "first" : 997, "addr" : 998,  "global" : false  }   } ,
		{ "assign" :  { "path" : "main" ,  "first" : 997 ,  "addr" : 998 ,  "value" : 10 , "global" : false    }   },
		{ "ref"    :  { "first" : 997, "addr" : 998,  "global" : false  }   } ,
		{ "ref"    :  { "first" : 997, "addr" : 997,  "global" : false  }   } ,
		{ "assign" :  { "path" : "main" ,  "first" : 997 ,  "addr" : 997 ,  "value" : 1 , "global" : false    }   },
		{ "ref"    :  { "first" : 997, "addr" : 997,  "global" : false  }   } ,
		{ "assign" :  { "path" : "main" ,  "first" : 997 ,  "addr" : 998 ,  "value" : 0 , "global" : false    }   },
		{ "ref"    :  { "first" : 997, "addr" : 998,  "global" : false  }   } ,
		{ "ref"    :  { "first" : 997, "addr" : 997,  "global" : false  }   } ,
		{ "ref"    :  { "first" : 997, "addr" : 998,  "global" : false  }   } ,
		{ "printf" : 0 } ,
		{ "ref"    :  { "first" : 997, "addr" : 998,  "global" : false  }   } ,
		{ "assign" :  { "path" : "main" ,  "first" : 997 ,  "addr" : 998 ,  "value" : 1 , "global" : false    }   },
		{ "ref"    :  { "first" : 997, "addr" : 998,  "global" : false  }   } ,
		{ "ref"    :  { "first" : 997, "addr" : 997,  "global" : false  }   } ,
		{ "ref"    :  { "first" : 997, "addr" : 998,  "global" : false  }   } ,
		{ "printf" : 1 } ,
		{ "ref"    :  { "first" : 997, "addr" : 998,  "global" : false  }   } ,
		{ "assign" :  { "path" : "main" ,  "first" : 997 ,  "addr" : 998 ,  "value" : 2 , "global" : false    }   },
		{ "ref"    :  { "first" : 997, "addr" : 998,  "global" : false  }   } ,
		{ "ref"    :  { "first" : 997, "addr" : 997,  "global" : false  }   } ,
		{ "ref"    :  { "first" : 997, "addr" : 998,  "global" : false  }   } ,
		{ "printf" : 2 } ,
		{ "ref"    :  { "first" : 997, "addr" : 998,  "global" : false  }   } ,
		{ "assign" :  { "path" : "main" ,  "first" : 997 ,  "addr" : 998 ,  "value" : 3 , "global" : false    }   },
		{ "ref"    :  { "first" : 997, "addr" : 998,  "global" : false  }   } ,
		{ "ref"    :  { "first" : 997, "addr" : 997,  "global" : false  }   } ,
		{ "ref"    :  { "first" : 997, "addr" : 998,  "global" : false  }   } ,
		{ "printf" : 3 } ,
		{ "ref"    :  { "first" : 997, "addr" : 998,  "global" : false  }   } ,
		{ "assign" :  { "path" : "main" ,  "first" : 997 ,  "addr" : 998 ,  "value" : 4 , "global" : false    }   },
		{ "ref"    :  { "first" : 997, "addr" : 998,  "global" : false  }   } ,
		{ "ref"    :  { "first" : 997, "addr" : 997,  "global" : false  }   } ,
		{ "ref"    :  { "first" : 997, "addr" : 998,  "global" : false  }   } ,
		{ "printf" : 4 } ,
		{ "ref"    :  { "first" : 997, "addr" : 998,  "global" : false  }   } ,
		{ "assign" :  { "path" : "main" ,  "first" : 997 ,  "addr" : 998 ,  "value" : 5 , "global" : false    }   },
		{ "ref"    :  { "first" : 997, "addr" : 998,  "global" : false  }   } ,
		{ "ref"    :  { "first" : 997, "addr" : 997,  "global" : false  }   } ,
		{ "ref"    :  { "first" : 997, "addr" : 998,  "global" : false  }   } ,
		{ "printf" : 5 } ,
		{ "ref"    :  { "first" : 997, "addr" : 998,  "global" : false  }   } ,
		{ "assign" :  { "path" : "main" ,  "first" : 997 ,  "addr" : 998 ,  "value" : 6 , "global" : false    }   },
		{ "ref"    :  { "first" : 997, "addr" : 998,  "global" : false  }   } ,
		{ "ref"    :  { "first" : 997, "addr" : 997,  "global" : false  }   } ,
		{ "ref"    :  { "first" : 997, "addr" : 998,  "global" : false  }   } ,
		{ "printf" : 6 } ,
		{ "ref"    :  { "first" : 997, "addr" : 998,  "global" : false  }   } ,
		{ "assign" :  { "path" : "main" ,  "first" : 997 ,  "addr" : 998 ,  "value" : 7 , "global" : false    }   },
		{ "ref"    :  { "first" : 997, "addr" : 998,  "global" : false  }   } ,
		{ "ref"    :  { "first" : 997, "addr" : 997,  "global" : false  }   } ,
		{ "ref"    :  { "first" : 997, "addr" : 998,  "global" : false  }   } ,
		{ "printf" : 7 } ,
		{ "ref"    :  { "first" : 997, "addr" : 998,  "global" : false  }   } ,
		{ "assign" :  { "path" : "main" ,  "first" : 997 ,  "addr" : 998 ,  "value" : 8 , "global" : false    }   },
		{ "ref"    :  { "first" : 997, "addr" : 998,  "global" : false  }   } ,
		{ "ref"    :  { "first" : 997, "addr" : 997,  "global" : false  }   } ,
		{ "ref"    :  { "first" : 997, "addr" : 998,  "global" : false  }   } ,
		{ "printf" : 8 } ,
		{ "ref"    :  { "first" : 997, "addr" : 998,  "global" : false  }   } ,
		{ "assign" :  { "path" : "main" ,  "first" : 997 ,  "addr" : 998 ,  "value" : 9 , "global" : false    }   },
		{ "ref"    :  { "first" : 997, "addr" : 998,  "global" : false  }   } ,
		{ "ref"    :  { "first" : 997, "addr" : 997,  "global" : false  }   } ,
		{ "ref"    :  { "first" : 997, "addr" : 998,  "global" : false  }   } ,
		{ "printf" : 9 } ,
		{ "ref"    :  { "first" : 997, "addr" : 998,  "global" : false  }   } ,
		{ "assign" :  { "path" : "main" ,  "first" : 997 ,  "addr" : 998 ,  "value" : 10 , "global" : false    }   },
		{ "ref"    :  { "first" : 997, "addr" : 998,  "global" : false  }   } ,
		{ "ref"    :  { "first" : 997, "addr" : 997,  "global" : false  }   } ,
		{ "assign" :  { "path" : "main" ,  "first" : 997 ,  "addr" : 997 ,  "value" : 2 , "global" : false    }   },
		{ "ref"    :  { "first" : 997, "addr" : 997,  "global" : false  }   } ,
		{ "assign" :  { "path" : "main" ,  "first" : 997 ,  "addr" : 998 ,  "value" : 0 , "global" : false    }   },
		{ "ref"    :  { "first" : 997, "addr" : 998,  "global" : false  }   } ,
		{ "ref"    :  { "first" : 997, "addr" : 997,  "global" : false  }   } ,
		{ "ref"    :  { "first" : 997, "addr" : 998,  "global" : false  }   } ,
		{ "printf" : 0 } ,
		{ "ref"    :  { "first" : 997, "addr" : 998,  "global" : false  }   } ,
		{ "assign" :  { "path" : "main" ,  "first" : 997 ,  "addr" : 998 ,  "value" : 1 , "global" : false    }   },
		{ "ref"    :  { "first" : 997, "addr" : 998,  "global" : false  }   } ,
		{ "ref"    :  { "first" : 997, "addr" : 997,  "global" : false  }   } ,
		{ "ref"    :  { "first" : 997, "addr" : 998,  "global" : false  }   } ,
		{ "printf" : 2 } ,
		{ "ref"    :  { "first" : 997, "addr" : 998,  "global" : false  }   } ,
		{ "assign" :  { "path" : "main" ,  "first" : 997 ,  "addr" : 998 ,  "value" : 2 , "global" : false    }   },
		{ "ref"    :  { "first" : 997, "addr" : 998,  "global" : false  }   } ,
		{ "ref"    :  { "first" : 997, "addr" : 997,  "global" : false  }   } ,
		{ "ref"    :  { "first" : 997, "addr" : 998,  "global" : false  }   } ,
		{ "printf" : 4 } ,
		{ "ref"    :  { "first" : 997, "addr" : 998,  "global" : false  }   } ,
		{ "assign" :  { "path" : "main" ,  "first" : 997 ,  "addr" : 998 ,  "value" : 3 , "global" : false    }   },
		{ "ref"    :  { "first" : 997, "addr" : 998,  "global" : false  }   } ,
		{ "ref"    :  { "first" : 997, "addr" : 997,  "global" : false  }   } ,
		{ "ref"    :  { "first" : 997, "addr" : 998,  "global" : false  }   } ,
		{ "printf" : 6 } ,
		{ "ref"    :  { "first" : 997, "addr" : 998,  "global" : false  }   } ,
		{ "assign" :  { "path" : "main" ,  "first" : 997 ,  "addr" : 998 ,  "value" : 4 , "global" : false    }   },
		{ "ref"    :  { "first" : 997, "addr" : 998,  "global" : false  }   } ,
		{ "ref"    :  { "first" : 997, "addr" : 997,  "global" : false  }   } ,
		{ "ref"    :  { "first" : 997, "addr" : 998,  "global" : false  }   } ,
		{ "printf" : 8 } ,
		{ "ref"    :  { "first" : 997, "addr" : 998,  "global" : false  }   } ,
		{ "assign" :  { "path" : "main" ,  "first" : 997 ,  "addr" : 998 ,  "value" : 5 , "global" : false    }   },
		{ "ref"    :  { "first" : 997, "addr" : 998,  "global" : false  }   } ,
		{ "ref"    :  { "first" : 997, "addr" : 997,  "global" : false  }   } ,
		{ "ref"    :  { "first" : 997, "addr" : 998,  "global" : false  }   } ,
		{ "printf" : 10 } ,
		{ "ref"    :  { "first" : 997, "addr" : 998,  "global" : false  }   } ,
		{ "assign" :  { "path" : "main" ,  "first" : 997 ,  "addr" : 998 ,  "value" : 6 , "global" : false    }   },
		{ "ref"    :  { "first" : 997, "addr" : 998,  "global" : false  }   } ,
		{ "ref"    :  { "first" : 997, "addr" : 997,  "global" : false  }   } ,
		{ "ref"    :  { "first" : 997, "addr" : 998,  "global" : false  }   } ,
		{ "printf" : 12 } ,
		{ "ref"    :  { "first" : 997, "addr" : 998,  "global" : false  }   } ,
		{ "assign" :  { "path" : "main" ,  "first" : 997 ,  "addr" : 998 ,  "value" : 7 , "global" : false    }   },
		{ "ref"    :  { "first" : 997, "addr" : 998,  "global" : false  }   } ,
		{ "ref"    :  { "first" : 997, "addr" : 997,  "global" : false  }   } ,
		{ "ref"    :  { "first" : 997, "addr" : 998,  "global" : false  }   } ,
		{ "printf" : 14 } ,
		{ "ref"    :  { "first" : 997, "addr" : 998,  "global" : false  }   } ,
		{ "assign" :  { "path" : "main" ,  "first" : 997 ,  "addr" : 998 ,  "value" : 8 , "global" : false    }   },
		{ "ref"    :  { "first" : 997, "addr" : 998,  "global" : false  }   } ,
		{ "ref"    :  { "first" : 997, "addr" : 997,  "global" : false  }   } ,
		{ "ref"    :  { "first" : 997, "addr" : 998,  "global" : false  }   } ,
		{ "printf" : 16 } ,
		{ "ref"    :  { "first" : 997, "addr" : 998,  "global" : false  }   } ,
		{ "assign" :  { "path" : "main" ,  "first" : 997 ,  "addr" : 998 ,  "value" : 9 , "global" : false    }   },
		{ "ref"    :  { "first" : 997, "addr" : 998,  "global" : false  }   } ,
		{ "ref"    :  { "first" : 997, "addr" : 997,  "global" : false  }   } ,
		{ "ref"    :  { "first" : 997, "addr" : 998,  "global" : false  }   } ,
		{ "printf" : 18 } ,
		{ "ref"    :  { "first" : 997, "addr" : 998,  "global" : false  }   } ,
		{ "assign" :  { "path" : "main" ,  "first" : 997 ,  "addr" : 998 ,  "value" : 10 , "global" : false    }   },
		{ "ref"    :  { "first" : 997, "addr" : 998,  "global" : false  }   } ,
		{ "ref"    :  { "first" : 997, "addr" : 997,  "global" : false  }   } ,
		{ "assign" :  { "path" : "main" ,  "first" : 997 ,  "addr" : 997 ,  "value" : 3 , "global" : false    }   },
		{ "ref"    :  { "first" : 997, "addr" : 997,  "global" : false  }   } ,
		{ "assign" :  { "path" : "main" ,  "first" : 997 ,  "addr" : 998 ,  "value" : 0 , "global" : false    }   },
		{ "ref"    :  { "first" : 997, "addr" : 998,  "global" : false  }   } ,
		{ "ref"    :  { "first" : 997, "addr" : 997,  "global" : false  }   } ,
		{ "ref"    :  { "first" : 997, "addr" : 998,  "global" : false  }   } ,
		{ "printf" : 0 } ,
		{ "ref"    :  { "first" : 997, "addr" : 998,  "global" : false  }   } ,
		{ "assign" :  { "path" : "main" ,  "first" : 997 ,  "addr" : 998 ,  "value" : 1 , "global" : false    }   },
		{ "ref"    :  { "first" : 997, "addr" : 998,  "global" : false  }   } ,
		{ "ref"    :  { "first" : 997, "addr" : 997,  "global" : false  }   } ,
		{ "ref"    :  { "first" : 997, "addr" : 998,  "global" : false  }   } ,
		{ "printf" : 3 } ,
		{ "ref"    :  { "first" : 997, "addr" : 998,  "global" : false  }   } ,
		{ "assign" :  { "path" : "main" ,  "first" : 997 ,  "addr" : 998 ,  "value" : 2 , "global" : false    }   },
		{ "ref"    :  { "first" : 997, "addr" : 998,  "global" : false  }   } ,
		{ "ref"    :  { "first" : 997, "addr" : 997,  "global" : false  }   } ,
		{ "ref"    :  { "first" : 997, "addr" : 998,  "global" : false  }   } ,
		{ "printf" : 6 } ,
		{ "ref"    :  { "first" : 997, "addr" : 998,  "global" : false  }   } ,
		{ "assign" :  { "path" : "main" ,  "first" : 997 ,  "addr" : 998 ,  "value" : 3 , "global" : false    }   },
		{ "ref"    :  { "first" : 997, "addr" : 998,  "global" : false  }   } ,
		{ "ref"    :  { "first" : 997, "addr" : 997,  "global" : false  }   } ,
		{ "ref"    :  { "first" : 997, "addr" : 998,  "global" : false  }   } ,
		{ "printf" : 9 } ,
		{ "ref"    :  { "first" : 997, "addr" : 998,  "global" : false  }   } ,
		{ "assign" :  { "path" : "main" ,  "first" : 997 ,  "addr" : 998 ,  "value" : 4 , "global" : false    }   },
		{ "ref"    :  { "first" : 997, "addr" : 998,  "global" : false  }   } ,
		{ "ref"    :  { "first" : 997, "addr" : 997,  "global" : false  }   } ,
		{ "ref"    :  { "first" : 997, "addr" : 998,  "global" : false  }   } ,
		{ "printf" : 12 } ,
		{ "ref"    :  { "first" : 997, "addr" : 998,  "global" : false  }   } ,
		{ "assign" :  { "path" : "main" ,  "first" : 997 ,  "addr" : 998 ,  "value" : 5 , "global" : false    }   },
		{ "ref"    :  { "first" : 997, "addr" : 998,  "global" : false  }   } ,
		{ "ref"    :  { "first" : 997, "addr" : 997,  "global" : false  }   } ,
		{ "ref"    :  { "first" : 997, "addr" : 998,  "global" : false  }   } ,
		{ "printf" : 15 } ,
		{ "ref"    :  { "first" : 997, "addr" : 998,  "global" : false  }   } ,
		{ "assign" :  { "path" : "main" ,  "first" : 997 ,  "addr" : 998 ,  "value" : 6 , "global" : false    }   },
		{ "ref"    :  { "first" : 997, "addr" : 998,  "global" : false  }   } ,
		{ "ref"    :  { "first" : 997, "addr" : 997,  "global" : false  }   } ,
		{ "ref"    :  { "first" : 997, "addr" : 998,  "global" : false  }   } ,
		{ "printf" : 18 } ,
		{ "ref"    :  { "first" : 997, "addr" : 998,  "global" : false  }   } ,
		{ "assign" :  { "path" : "main" ,  "first" : 997 ,  "addr" : 998 ,  "value" : 7 , "global" : false    }   },
		{ "ref"    :  { "first" : 997, "addr" : 998,  "global" : false  }   } ,
		{ "ref"    :  { "first" : 997, "addr" : 997,  "global" : false  }   } ,
		{ "ref"    :  { "first" : 997, "addr" : 998,  "global" : false  }   } ,
		{ "printf" : 21 } ,
		{ "ref"    :  { "first" : 997, "addr" : 998,  "global" : false  }   } ,
		{ "assign" :  { "path" : "main" ,  "first" : 997 ,  "addr" : 998 ,  "value" : 8 , "global" : false    }   },
		{ "ref"    :  { "first" : 997, "addr" : 998,  "global" : false  }   } ,
		{ "ref"    :  { "first" : 997, "addr" : 997,  "global" : false  }   } ,
		{ "ref"    :  { "first" : 997, "addr" : 998,  "global" : false  }   } ,
		{ "printf" : 24 } ,
		{ "ref"    :  { "first" : 997, "addr" : 998,  "global" : false  }   } ,
		{ "assign" :  { "path" : "main" ,  "first" : 997 ,  "addr" : 998 ,  "value" : 9 , "global" : false    }   },
		{ "ref"    :  { "first" : 997, "addr" : 998,  "global" : false  }   } ,
		{ "ref"    :  { "first" : 997, "addr" : 997,  "global" : false  }   } ,
		{ "ref"    :  { "first" : 997, "addr" : 998,  "global" : false  }   } ,
		{ "printf" : 27 } ,
		{ "ref"    :  { "first" : 997, "addr" : 998,  "global" : false  }   } ,
		{ "assign" :  { "path" : "main" ,  "first" : 997 ,  "addr" : 998 ,  "value" : 10 , "global" : false    }   },
		{ "ref"    :  { "first" : 997, "addr" : 998,  "global" : false  }   } ,
		{ "ref"    :  { "first" : 997, "addr" : 997,  "global" : false  }   } ,
		{ "assign" :  { "path" : "main" ,  "first" : 997 ,  "addr" : 997 ,  "value" : 4 , "global" : false    }   },
		{ "ref"    :  { "first" : 997, "addr" : 997,  "global" : false  }   } ,
		{ "assign" :  { "path" : "main" ,  "first" : 997 ,  "addr" : 998 ,  "value" : 0 , "global" : false    }   },
		{ "ref"    :  { "first" : 997, "addr" : 998,  "global" : false  }   } ,
		{ "ref"    :  { "first" : 997, "addr" : 997,  "global" : false  }   } ,
		{ "ref"    :  { "first" : 997, "addr" : 998,  "global" : false  }   } ,
		{ "printf" : 0 } ,
		{ "ref"    :  { "first" : 997, "addr" : 998,  "global" : false  }   } ,
		{ "assign" :  { "path" : "main" ,  "first" : 997 ,  "addr" : 998 ,  "value" : 1 , "global" : false    }   },
		{ "ref"    :  { "first" : 997, "addr" : 998,  "global" : false  }   } ,
		{ "ref"    :  { "first" : 997, "addr" : 997,  "global" : false  }   } ,
		{ "ref"    :  { "first" : 997, "addr" : 998,  "global" : false  }   } ,
		{ "printf" : 4 } ,
		{ "ref"    :  { "first" : 997, "addr" : 998,  "global" : false  }   } ,
		{ "assign" :  { "path" : "main" ,  "first" : 997 ,  "addr" : 998 ,  "value" : 2 , "global" : false    }   },
		{ "ref"    :  { "first" : 997, "addr" : 998,  "global" : false  }   } ,
		{ "ref"    :  { "first" : 997, "addr" : 997,  "global" : false  }   } ,
		{ "ref"    :  { "first" : 997, "addr" : 998,  "global" : false  }   } ,
		{ "printf" : 8 } ,
		{ "ref"    :  { "first" : 997, "addr" : 998,  "global" : false  }   } ,
		{ "assign" :  { "path" : "main" ,  "first" : 997 ,  "addr" : 998 ,  "value" : 3 , "global" : false    }   },
		{ "ref"    :  { "first" : 997, "addr" : 998,  "global" : false  }   } ,
		{ "ref"    :  { "first" : 997, "addr" : 997,  "global" : false  }   } ,
		{ "ref"    :  { "first" : 997, "addr" : 998,  "global" : false  }   } ,
		{ "printf" : 12 } ,
		{ "ref"    :  { "first" : 997, "addr" : 998,  "global" : false  }   } ,
		{ "assign" :  { "path" : "main" ,  "first" : 997 ,  "addr" : 998 ,  "value" : 4 , "global" : false    }   },
		{ "ref"    :  { "first" : 997, "addr" : 998,  "global" : false  }   } ,
		{ "ref"    :  { "first" : 997, "addr" : 997,  "global" : false  }   } ,
		{ "ref"    :  { "first" : 997, "addr" : 998,  "global" : false  }   } ,
		{ "printf" : 16 } ,
		{ "ref"    :  { "first" : 997, "addr" : 998,  "global" : false  }   } ,
		{ "assign" :  { "path" : "main" ,  "first" : 997 ,  "addr" : 998 ,  "value" : 5 , "global" : false    }   },
		{ "ref"    :  { "first" : 997, "addr" : 998,  "global" : false  }   } ,
		{ "ref"    :  { "first" : 997, "addr" : 997,  "global" : false  }   } ,
		{ "ref"    :  { "first" : 997, "addr" : 998,  "global" : false  }   } ,
		{ "printf" : 20 } ,
		{ "ref"    :  { "first" : 997, "addr" : 998,  "global" : false  }   } ,
		{ "assign" :  { "path" : "main" ,  "first" : 997 ,  "addr" : 998 ,  "value" : 6 , "global" : false    }   },
		{ "ref"    :  { "first" : 997, "addr" : 998,  "global" : false  }   } ,
		{ "ref"    :  { "first" : 997, "addr" : 997,  "global" : false  }   } ,
		{ "ref"    :  { "first" : 997, "addr" : 998,  "global" : false  }   } ,
		{ "printf" : 24 } ,
		{ "ref"    :  { "first" : 997, "addr" : 998,  "global" : false  }   } ,
		{ "assign" :  { "path" : "main" ,  "first" : 997 ,  "addr" : 998 ,  "value" : 7 , "global" : false    }   },
		{ "ref"    :  { "first" : 997, "addr" : 998,  "global" : false  }   } ,
		{ "ref"    :  { "first" : 997, "addr" : 997,  "global" : false  }   } ,
		{ "ref"    :  { "first" : 997, "addr" : 998,  "global" : false  }   } ,
		{ "printf" : 28 } ,
		{ "ref"    :  { "first" : 997, "addr" : 998,  "global" : false  }   } ,
		{ "assign" :  { "path" : "main" ,  "first" : 997 ,  "addr" : 998 ,  "value" : 8 , "global" : false    }   },
		{ "ref"    :  { "first" : 997, "addr" : 998,  "global" : false  }   } ,
		{ "ref"    :  { "first" : 997, "addr" : 997,  "global" : false  }   } ,
		{ "ref"    :  { "first" : 997, "addr" : 998,  "global" : false  }   } ,
		{ "printf" : 32 } ,
		{ "ref"    :  { "first" : 997, "addr" : 998,  "global" : false  }   } ,
		{ "assign" :  { "path" : "main" ,  "first" : 997 ,  "addr" : 998 ,  "value" : 9 , "global" : false    }   },
		{ "ref"    :  { "first" : 997, "addr" : 998,  "global" : false  }   } ,
		{ "ref"    :  { "first" : 997, "addr" : 997,  "global" : false  }   } ,
		{ "ref"    :  { "first" : 997, "addr" : 998,  "global" : false  }   } ,
		{ "printf" : 36 } ,
		{ "ref"    :  { "first" : 997, "addr" : 998,  "global" : false  }   } ,
		{ "assign" :  { "path" : "main" ,  "first" : 997 ,  "addr" : 998 ,  "value" : 10 , "global" : false    }   },
		{ "ref"    :  { "first" : 997, "addr" : 998,  "global" : false  }   } ,
		{ "ref"    :  { "first" : 997, "addr" : 997,  "global" : false  }   } ,
		{ "assign" :  { "path" : "main" ,  "first" : 997 ,  "addr" : 997 ,  "value" : 5 , "global" : false    }   },
		{ "ref"    :  { "first" : 997, "addr" : 997,  "global" : false  }   } ,
		{ "assign" :  { "path" : "main" ,  "first" : 997 ,  "addr" : 998 ,  "value" : 0 , "global" : false    }   },
		{ "ref"    :  { "first" : 997, "addr" : 998,  "global" : false  }   } ,
		{ "ref"    :  { "first" : 997, "addr" : 997,  "global" : false  }   } ,
		{ "ref"    :  { "first" : 997, "addr" : 998,  "global" : false  }   } ,
		{ "printf" : 0 } ,
		{ "ref"    :  { "first" : 997, "addr" : 998,  "global" : false  }   } ,
		{ "assign" :  { "path" : "main" ,  "first" : 997 ,  "addr" : 998 ,  "value" : 1 , "global" : false    }   },
		{ "ref"    :  { "first" : 997, "addr" : 998,  "global" : false  }   } ,
		{ "ref"    :  { "first" : 997, "addr" : 997,  "global" : false  }   } ,
		{ "ref"    :  { "first" : 997, "addr" : 998,  "global" : false  }   } ,
		{ "printf" : 5 } ,
		{ "ref"    :  { "first" : 997, "addr" : 998,  "global" : false  }   } ,
		{ "assign" :  { "path" : "main" ,  "first" : 997 ,  "addr" : 998 ,  "value" : 2 , "global" : false    }   },
		{ "ref"    :  { "first" : 997, "addr" : 998,  "global" : false  }   } ,
		{ "ref"    :  { "first" : 997, "addr" : 997,  "global" : false  }   } ,
		{ "ref"    :  { "first" : 997, "addr" : 998,  "global" : false  }   } ,
		{ "printf" : 10 } ,
		{ "ref"    :  { "first" : 997, "addr" : 998,  "global" : false  }   } ,
		{ "assign" :  { "path" : "main" ,  "first" : 997 ,  "addr" : 998 ,  "value" : 3 , "global" : false    }   },
		{ "ref"    :  { "first" : 997, "addr" : 998,  "global" : false  }   } ,
		{ "ref"    :  { "first" : 997, "addr" : 997,  "global" : false  }   } ,
		{ "ref"    :  { "first" : 997, "addr" : 998,  "global" : false  }   } ,
		{ "printf" : 15 } ,
		{ "ref"    :  { "first" : 997, "addr" : 998,  "global" : false  }   } ,
		{ "assign" :  { "path" : "main" ,  "first" : 997 ,  "addr" : 998 ,  "value" : 4 , "global" : false    }   },
		{ "ref"    :  { "first" : 997, "addr" : 998,  "global" : false  }   } ,
		{ "ref"    :  { "first" : 997, "addr" : 997,  "global" : false  }   } ,
		{ "ref"    :  { "first" : 997, "addr" : 998,  "global" : false  }   } ,
		{ "printf" : 20 } ,
		{ "ref"    :  { "first" : 997, "addr" : 998,  "global" : false  }   } ,
		{ "assign" :  { "path" : "main" ,  "first" : 997 ,  "addr" : 998 ,  "value" : 5 , "global" : false    }   },
		{ "ref"    :  { "first" : 997, "addr" : 998,  "global" : false  }   } ,
		{ "ref"    :  { "first" : 997, "addr" : 997,  "global" : false  }   } ,
		{ "ref"    :  { "first" : 997, "addr" : 998,  "global" : false  }   } ,
		{ "printf" : 25 } ,
		{ "ref"    :  { "first" : 997, "addr" : 998,  "global" : false  }   } ,
		{ "assign" :  { "path" : "main" ,  "first" : 997 ,  "addr" : 998 ,  "value" : 6 , "global" : false    }   },
		{ "ref"    :  { "first" : 997, "addr" : 998,  "global" : false  }   } ,
		{ "ref"    :  { "first" : 997, "addr" : 997,  "global" : false  }   } ,
		{ "ref"    :  { "first" : 997, "addr" : 998,  "global" : false  }   } ,
		{ "printf" : 30 } ,
		{ "ref"    :  { "first" : 997, "addr" : 998,  "global" : false  }   } ,
		{ "assign" :  { "path" : "main" ,  "first" : 997 ,  "addr" : 998 ,  "value" : 7 , "global" : false    }   },
		{ "ref"    :  { "first" : 997, "addr" : 998,  "global" : false  }   } ,
		{ "ref"    :  { "first" : 997, "addr" : 997,  "global" : false  }   } ,
		{ "ref"    :  { "first" : 997, "addr" : 998,  "global" : false  }   } ,
		{ "printf" : 35 } ,
		{ "ref"    :  { "first" : 997, "addr" : 998,  "global" : false  }   } ,
		{ "assign" :  { "path" : "main" ,  "first" : 997 ,  "addr" : 998 ,  "value" : 8 , "global" : false    }   },
		{ "ref"    :  { "first" : 997, "addr" : 998,  "global" : false  }   } ,
		{ "ref"    :  { "first" : 997, "addr" : 997,  "global" : false  }   } ,
		{ "ref"    :  { "first" : 997, "addr" : 998,  "global" : false  }   } ,
		{ "printf" : 40 } ,
		{ "ref"    :  { "first" : 997, "addr" : 998,  "global" : false  }   } ,
		{ "assign" :  { "path" : "main" ,  "first" : 997 ,  "addr" : 998 ,  "value" : 9 , "global" : false    }   },
		{ "ref"    :  { "first" : 997, "addr" : 998,  "global" : false  }   } ,
		{ "ref"    :  { "first" : 997, "addr" : 997,  "global" : false  }   } ,
		{ "ref"    :  { "first" : 997, "addr" : 998,  "global" : false  }   } ,
		{ "printf" : 45 } ,
		{ "ref"    :  { "first" : 997, "addr" : 998,  "global" : false  }   } ,
		{ "assign" :  { "path" : "main" ,  "first" : 997 ,  "addr" : 998 ,  "value" : 10 , "global" : false    }   },
		{ "ref"    :  { "first" : 997, "addr" : 998,  "global" : false  }   } ,
		{ "ref"    :  { "first" : 997, "addr" : 997,  "global" : false  }   } ,
		{ "assign" :  { "path" : "main" ,  "first" : 997 ,  "addr" : 997 ,  "value" : 6 , "global" : false    }   },
		{ "ref"    :  { "first" : 997, "addr" : 997,  "global" : false  }   } ,
		{ "assign" :  { "path" : "main" ,  "first" : 997 ,  "addr" : 998 ,  "value" : 0 , "global" : false    }   },
		{ "ref"    :  { "first" : 997, "addr" : 998,  "global" : false  }   } ,
		{ "ref"    :  { "first" : 997, "addr" : 997,  "global" : false  }   } ,
		{ "ref"    :  { "first" : 997, "addr" : 998,  "global" : false  }   } ,
		{ "printf" : 0 } ,
		{ "ref"    :  { "first" : 997, "addr" : 998,  "global" : false  }   } ,
		{ "assign" :  { "path" : "main" ,  "first" : 997 ,  "addr" : 998 ,  "value" : 1 , "global" : false    }   },
		{ "ref"    :  { "first" : 997, "addr" : 998,  "global" : false  }   } ,
		{ "ref"    :  { "first" : 997, "addr" : 997,  "global" : false  }   } ,
		{ "ref"    :  { "first" : 997, "addr" : 998,  "global" : false  }   } ,
		{ "printf" : 6 } ,
		{ "ref"    :  { "first" : 997, "addr" : 998,  "global" : false  }   } ,
		{ "assign" :  { "path" : "main" ,  "first" : 997 ,  "addr" : 998 ,  "value" : 2 , "global" : false    }   },
		{ "ref"    :  { "first" : 997, "addr" : 998,  "global" : false  }   } ,
		{ "ref"    :  { "first" : 997, "addr" : 997,  "global" : false  }   } ,
		{ "ref"    :  { "first" : 997, "addr" : 998,  "global" : false  }   } ,
		{ "printf" : 12 } ,
		{ "ref"    :  { "first" : 997, "addr" : 998,  "global" : false  }   } ,
		{ "assign" :  { "path" : "main" ,  "first" : 997 ,  "addr" : 998 ,  "value" : 3 , "global" : false    }   },
		{ "ref"    :  { "first" : 997, "addr" : 998,  "global" : false  }   } ,
		{ "ref"    :  { "first" : 997, "addr" : 997,  "global" : false  }   } ,
		{ "ref"    :  { "first" : 997, "addr" : 998,  "global" : false  }   } ,
		{ "printf" : 18 } ,
		{ "ref"    :  { "first" : 997, "addr" : 998,  "global" : false  }   } ,
		{ "assign" :  { "path" : "main" ,  "first" : 997 ,  "addr" : 998 ,  "value" : 4 , "global" : false    }   },
		{ "ref"    :  { "first" : 997, "addr" : 998,  "global" : false  }   } ,
		{ "ref"    :  { "first" : 997, "addr" : 997,  "global" : false  }   } ,
		{ "ref"    :  { "first" : 997, "addr" : 998,  "global" : false  }   } ,
		{ "printf" : 24 } ,
		{ "ref"    :  { "first" : 997, "addr" : 998,  "global" : false  }   } ,
		{ "assign" :  { "path" : "main" ,  "first" : 997 ,  "addr" : 998 ,  "value" : 5 , "global" : false    }   },
		{ "ref"    :  { "first" : 997, "addr" : 998,  "global" : false  }   } ,
		{ "ref"    :  { "first" : 997, "addr" : 997,  "global" : false  }   } ,
		{ "ref"    :  { "first" : 997, "addr" : 998,  "global" : false  }   } ,
		{ "printf" : 30 } ,
		{ "ref"    :  { "first" : 997, "addr" : 998,  "global" : false  }   } ,
		{ "assign" :  { "path" : "main" ,  "first" : 997 ,  "addr" : 998 ,  "value" : 6 , "global" : false    }   },
		{ "ref"    :  { "first" : 997, "addr" : 998,  "global" : false  }   } ,
		{ "ref"    :  { "first" : 997, "addr" : 997,  "global" : false  }   } ,
		{ "ref"    :  { "first" : 997, "addr" : 998,  "global" : false  }   } ,
		{ "printf" : 36 } ,
		{ "ref"    :  { "first" : 997, "addr" : 998,  "global" : false  }   } ,
		{ "assign" :  { "path" : "main" ,  "first" : 997 ,  "addr" : 998 ,  "value" : 7 , "global" : false    }   },
		{ "ref"    :  { "first" : 997, "addr" : 998,  "global" : false  }   } ,
		{ "ref"    :  { "first" : 997, "addr" : 997,  "global" : false  }   } ,
		{ "ref"    :  { "first" : 997, "addr" : 998,  "global" : false  }   } ,
		{ "printf" : 42 } ,
		{ "ref"    :  { "first" : 997, "addr" : 998,  "global" : false  }   } ,
		{ "assign" :  { "path" : "main" ,  "first" : 997 ,  "addr" : 998 ,  "value" : 8 , "global" : false    }   },
		{ "ref"    :  { "first" : 997, "addr" : 998,  "global" : false  }   } ,
		{ "ref"    :  { "first" : 997, "addr" : 997,  "global" : false  }   } ,
		{ "ref"    :  { "first" : 997, "addr" : 998,  "global" : false  }   } ,
		{ "printf" : 48 } ,
		{ "ref"    :  { "first" : 997, "addr" : 998,  "global" : false  }   } ,
		{ "assign" :  { "path" : "main" ,  "first" : 997 ,  "addr" : 998 ,  "value" : 9 , "global" : false    }   },
		{ "ref"    :  { "first" : 997, "addr" : 998,  "global" : false  }   } ,
		{ "ref"    :  { "first" : 997, "addr" : 997,  "global" : false  }   } ,
		{ "ref"    :  { "first" : 997, "addr" : 998,  "global" : false  }   } ,
		{ "printf" : 54 } ,
		{ "ref"    :  { "first" : 997, "addr" : 998,  "global" : false  }   } ,
		{ "assign" :  { "path" : "main" ,  "first" : 997 ,  "addr" : 998 ,  "value" : 10 , "global" : false    }   },
		{ "ref"    :  { "first" : 997, "addr" : 998,  "global" : false  }   } ,
		{ "ref"    :  { "first" : 997, "addr" : 997,  "global" : false  }   } ,
		{ "assign" :  { "path" : "main" ,  "first" : 997 ,  "addr" : 997 ,  "value" : 7 , "global" : false    }   },
		{ "ref"    :  { "first" : 997, "addr" : 997,  "global" : false  }   } ,
		{ "assign" :  { "path" : "main" ,  "first" : 997 ,  "addr" : 998 ,  "value" : 0 , "global" : false    }   },
		{ "ref"    :  { "first" : 997, "addr" : 998,  "global" : false  }   } ,
		{ "ref"    :  { "first" : 997, "addr" : 997,  "global" : false  }   } ,
		{ "ref"    :  { "first" : 997, "addr" : 998,  "global" : false  }   } ,
		{ "printf" : 0 } ,
		{ "ref"    :  { "first" : 997, "addr" : 998,  "global" : false  }   } ,
		{ "assign" :  { "path" : "main" ,  "first" : 997 ,  "addr" : 998 ,  "value" : 1 , "global" : false    }   },
		{ "ref"    :  { "first" : 997, "addr" : 998,  "global" : false  }   } ,
		{ "ref"    :  { "first" : 997, "addr" : 997,  "global" : false  }   } ,
		{ "ref"    :  { "first" : 997, "addr" : 998,  "global" : false  }   } ,
		{ "printf" : 7 } ,
		{ "ref"    :  { "first" : 997, "addr" : 998,  "global" : false  }   } ,
		{ "assign" :  { "path" : "main" ,  "first" : 997 ,  "addr" : 998 ,  "value" : 2 , "global" : false    }   },
		{ "ref"    :  { "first" : 997, "addr" : 998,  "global" : false  }   } ,
		{ "ref"    :  { "first" : 997, "addr" : 997,  "global" : false  }   } ,
		{ "ref"    :  { "first" : 997, "addr" : 998,  "global" : false  }   } ,
		{ "printf" : 14 } ,
		{ "ref"    :  { "first" : 997, "addr" : 998,  "global" : false  }   } ,
		{ "assign" :  { "path" : "main" ,  "first" : 997 ,  "addr" : 998 ,  "value" : 3 , "global" : false    }   },
		{ "ref"    :  { "first" : 997, "addr" : 998,  "global" : false  }   } ,
		{ "ref"    :  { "first" : 997, "addr" : 997,  "global" : false  }   } ,
		{ "ref"    :  { "first" : 997, "addr" : 998,  "global" : false  }   } ,
		{ "printf" : 21 } ,
		{ "ref"    :  { "first" : 997, "addr" : 998,  "global" : false  }   } ,
		{ "assign" :  { "path" : "main" ,  "first" : 997 ,  "addr" : 998 ,  "value" : 4 , "global" : false    }   },
		{ "ref"    :  { "first" : 997, "addr" : 998,  "global" : false  }   } ,
		{ "ref"    :  { "first" : 997, "addr" : 997,  "global" : false  }   } ,
		{ "ref"    :  { "first" : 997, "addr" : 998,  "global" : false  }   } ,
		{ "printf" : 28 } ,
		{ "ref"    :  { "first" : 997, "addr" : 998,  "global" : false  }   } ,
		{ "assign" :  { "path" : "main" ,  "first" : 997 ,  "addr" : 998 ,  "value" : 5 , "global" : false    }   },
		{ "ref"    :  { "first" : 997, "addr" : 998,  "global" : false  }   } ,
		{ "ref"    :  { "first" : 997, "addr" : 997,  "global" : false  }   } ,
		{ "ref"    :  { "first" : 997, "addr" : 998,  "global" : false  }   } ,
		{ "printf" : 35 } ,
		{ "ref"    :  { "first" : 997, "addr" : 998,  "global" : false  }   } ,
		{ "assign" :  { "path" : "main" ,  "first" : 997 ,  "addr" : 998 ,  "value" : 6 , "global" : false    }   },
		{ "ref"    :  { "first" : 997, "addr" : 998,  "global" : false  }   } ,
		{ "ref"    :  { "first" : 997, "addr" : 997,  "global" : false  }   } ,
		{ "ref"    :  { "first" : 997, "addr" : 998,  "global" : false  }   } ,
		{ "printf" : 42 } ,
		{ "ref"    :  { "first" : 997, "addr" : 998,  "global" : false  }   } ,
		{ "assign" :  { "path" : "main" ,  "first" : 997 ,  "addr" : 998 ,  "value" : 7 , "global" : false    }   },
		{ "ref"    :  { "first" : 997, "addr" : 998,  "global" : false  }   } ,
		{ "ref"    :  { "first" : 997, "addr" : 997,  "global" : false  }   } ,
		{ "ref"    :  { "first" : 997, "addr" : 998,  "global" : false  }   } ,
		{ "printf" : 49 } ,
		{ "ref"    :  { "first" : 997, "addr" : 998,  "global" : false  }   } ,
		{ "assign" :  { "path" : "main" ,  "first" : 997 ,  "addr" : 998 ,  "value" : 8 , "global" : false    }   },
		{ "ref"    :  { "first" : 997, "addr" : 998,  "global" : false  }   } ,
		{ "ref"    :  { "first" : 997, "addr" : 997,  "global" : false  }   } ,
		{ "ref"    :  { "first" : 997, "addr" : 998,  "global" : false  }   } ,
		{ "printf" : 56 } ,
		{ "ref"    :  { "first" : 997, "addr" : 998,  "global" : false  }   } ,
		{ "assign" :  { "path" : "main" ,  "first" : 997 ,  "addr" : 998 ,  "value" : 9 , "global" : false    }   },
		{ "ref"    :  { "first" : 997, "addr" : 998,  "global" : false  }   } ,
		{ "ref"    :  { "first" : 997, "addr" : 997,  "global" : false  }   } ,
		{ "ref"    :  { "first" : 997, "addr" : 998,  "global" : false  }   } ,
		{ "printf" : 63 } ,
		{ "ref"    :  { "first" : 997, "addr" : 998,  "global" : false  }   } ,
		{ "assign" :  { "path" : "main" ,  "first" : 997 ,  "addr" : 998 ,  "value" : 10 , "global" : false    }   },
		{ "ref"    :  { "first" : 997, "addr" : 998,  "global" : false  }   } ,
		{ "ref"    :  { "first" : 997, "addr" : 997,  "global" : false  }   } ,
		{ "assign" :  { "path" : "main" ,  "first" : 997 ,  "addr" : 997 ,  "value" : 8 , "global" : false    }   },
		{ "ref"    :  { "first" : 997, "addr" : 997,  "global" : false  }   } ,
		{ "assign" :  { "path" : "main" ,  "first" : 997 ,  "addr" : 998 ,  "value" : 0 , "global" : false    }   },
		{ "ref"    :  { "first" : 997, "addr" : 998,  "global" : false  }   } ,
		{ "ref"    :  { "first" : 997, "addr" : 997,  "global" : false  }   } ,
		{ "ref"    :  { "first" : 997, "addr" : 998,  "global" : false  }   } ,
		{ "printf" : 0 } ,
		{ "ref"    :  { "first" : 997, "addr" : 998,  "global" : false  }   } ,
		{ "assign" :  { "path" : "main" ,  "first" : 997 ,  "addr" : 998 ,  "value" : 1 , "global" : false    }   },
		{ "ref"    :  { "first" : 997, "addr" : 998,  "global" : false  }   } ,
		{ "ref"    :  { "first" : 997, "addr" : 997,  "global" : false  }   } ,
		{ "ref"    :  { "first" : 997, "addr" : 998,  "global" : false  }   } ,
		{ "printf" : 8 } ,
		{ "ref"    :  { "first" : 997, "addr" : 998,  "global" : false  }   } ,
		{ "assign" :  { "path" : "main" ,  "first" : 997 ,  "addr" : 998 ,  "value" : 2 , "global" : false    }   },
		{ "ref"    :  { "first" : 997, "addr" : 998,  "global" : false  }   } ,
		{ "ref"    :  { "first" : 997, "addr" : 997,  "global" : false  }   } ,
		{ "ref"    :  { "first" : 997, "addr" : 998,  "global" : false  }   } ,
		{ "printf" : 16 } ,
		{ "ref"    :  { "first" : 997, "addr" : 998,  "global" : false  }   } ,
		{ "assign" :  { "path" : "main" ,  "first" : 997 ,  "addr" : 998 ,  "value" : 3 , "global" : false    }   },
		{ "ref"    :  { "first" : 997, "addr" : 998,  "global" : false  }   } ,
		{ "ref"    :  { "first" : 997, "addr" : 997,  "global" : false  }   } ,
		{ "ref"    :  { "first" : 997, "addr" : 998,  "global" : false  }   } ,
		{ "printf" : 24 } ,
		{ "ref"    :  { "first" : 997, "addr" : 998,  "global" : false  }   } ,
		{ "assign" :  { "path" : "main" ,  "first" : 997 ,  "addr" : 998 ,  "value" : 4 , "global" : false    }   },
		{ "ref"    :  { "first" : 997, "addr" : 998,  "global" : false  }   } ,
		{ "ref"    :  { "first" : 997, "addr" : 997,  "global" : false  }   } ,
		{ "ref"    :  { "first" : 997, "addr" : 998,  "global" : false  }   } ,
		{ "printf" : 32 } ,
		{ "ref"    :  { "first" : 997, "addr" : 998,  "global" : false  }   } ,
		{ "assign" :  { "path" : "main" ,  "first" : 997 ,  "addr" : 998 ,  "value" : 5 , "global" : false    }   },
		{ "ref"    :  { "first" : 997, "addr" : 998,  "global" : false  }   } ,
		{ "ref"    :  { "first" : 997, "addr" : 997,  "global" : false  }   } ,
		{ "ref"    :  { "first" : 997, "addr" : 998,  "global" : false  }   } ,
		{ "printf" : 40 } ,
		{ "ref"    :  { "first" : 997, "addr" : 998,  "global" : false  }   } ,
		{ "assign" :  { "path" : "main" ,  "first" : 997 ,  "addr" : 998 ,  "value" : 6 , "global" : false    }   },
		{ "ref"    :  { "first" : 997, "addr" : 998,  "global" : false  }   } ,
		{ "ref"    :  { "first" : 997, "addr" : 997,  "global" : false  }   } ,
		{ "ref"    :  { "first" : 997, "addr" : 998,  "global" : false  }   } ,
		{ "printf" : 48 } ,
		{ "ref"    :  { "first" : 997, "addr" : 998,  "global" : false  }   } ,
		{ "assign" :  { "path" : "main" ,  "first" : 997 ,  "addr" : 998 ,  "value" : 7 , "global" : false    }   },
		{ "ref"    :  { "first" : 997, "addr" : 998,  "global" : false  }   } ,
		{ "ref"    :  { "first" : 997, "addr" : 997,  "global" : false  }   } ,
		{ "ref"    :  { "first" : 997, "addr" : 998,  "global" : false  }   } ,
		{ "printf" : 56 } ,
		{ "ref"    :  { "first" : 997, "addr" : 998,  "global" : false  }   } ,
		{ "assign" :  { "path" : "main" ,  "first" : 997 ,  "addr" : 998 ,  "value" : 8 , "global" : false    }   },
		{ "ref"    :  { "first" : 997, "addr" : 998,  "global" : false  }   } ,
		{ "ref"    :  { "first" : 997, "addr" : 997,  "global" : false  }   } ,
		{ "ref"    :  { "first" : 997, "addr" : 998,  "global" : false  }   } ,
		{ "printf" : 64 } ,
		{ "ref"    :  { "first" : 997, "addr" : 998,  "global" : false  }   } ,
		{ "assign" :  { "path" : "main" ,  "first" : 997 ,  "addr" : 998 ,  "value" : 9 , "global" : false    }   },
		{ "ref"    :  { "first" : 997, "addr" : 998,  "global" : false  }   } ,
		{ "ref"    :  { "first" : 997, "addr" : 997,  "global" : false  }   } ,
		{ "ref"    :  { "first" : 997, "addr" : 998,  "global" : false  }   } ,
		{ "printf" : 72 } ,
		{ "ref"    :  { "first" : 997, "addr" : 998,  "global" : false  }   } ,
		{ "assign" :  { "path" : "main" ,  "first" : 997 ,  "addr" : 998 ,  "value" : 10 , "global" : false    }   },
		{ "ref"    :  { "first" : 997, "addr" : 998,  "global" : false  }   } ,
		{ "ref"    :  { "first" : 997, "addr" : 997,  "global" : false  }   } ,
		{ "assign" :  { "path" : "main" ,  "first" : 997 ,  "addr" : 997 ,  "value" : 9 , "global" : false    }   },
		{ "ref"    :  { "first" : 997, "addr" : 997,  "global" : false  }   } ,
		{ "assign" :  { "path" : "main" ,  "first" : 997 ,  "addr" : 998 ,  "value" : 0 , "global" : false    }   },
		{ "ref"    :  { "first" : 997, "addr" : 998,  "global" : false  }   } ,
		{ "ref"    :  { "first" : 997, "addr" : 997,  "global" : false  }   } ,
		{ "ref"    :  { "first" : 997, "addr" : 998,  "global" : false  }   } ,
		{ "printf" : 0 } ,
		{ "ref"    :  { "first" : 997, "addr" : 998,  "global" : false  }   } ,
		{ "assign" :  { "path" : "main" ,  "first" : 997 ,  "addr" : 998 ,  "value" : 1 , "global" : false    }   },
		{ "ref"    :  { "first" : 997, "addr" : 998,  "global" : false  }   } ,
		{ "ref"    :  { "first" : 997, "addr" : 997,  "global" : false  }   } ,
		{ "ref"    :  { "first" : 997, "addr" : 998,  "global" : false  }   } ,
		{ "printf" : 9 } ,
		{ "ref"    :  { "first" : 997, "addr" : 998,  "global" : false  }   } ,
		{ "assign" :  { "path" : "main" ,  "first" : 997 ,  "addr" : 998 ,  "value" : 2 , "global" : false    }   },
		{ "ref"    :  { "first" : 997, "addr" : 998,  "global" : false  }   } ,
		{ "ref"    :  { "first" : 997, "addr" : 997,  "global" : false  }   } ,
		{ "ref"    :  { "first" : 997, "addr" : 998,  "global" : false  }   } ,
		{ "printf" : 18 } ,
		{ "ref"    :  { "first" : 997, "addr" : 998,  "global" : false  }   } ,
		{ "assign" :  { "path" : "main" ,  "first" : 997 ,  "addr" : 998 ,  "value" : 3 , "global" : false    }   },
		{ "ref"    :  { "first" : 997, "addr" : 998,  "global" : false  }   } ,
		{ "ref"    :  { "first" : 997, "addr" : 997,  "global" : false  }   } ,
		{ "ref"    :  { "first" : 997, "addr" : 998,  "global" : false  }   } ,
		{ "printf" : 27 } ,
		{ "ref"    :  { "first" : 997, "addr" : 998,  "global" : false  }   } ,
		{ "assign" :  { "path" : "main" ,  "first" : 997 ,  "addr" : 998 ,  "value" : 4 , "global" : false    }   },
		{ "ref"    :  { "first" : 997, "addr" : 998,  "global" : false  }   } ,
		{ "ref"    :  { "first" : 997, "addr" : 997,  "global" : false  }   } ,
		{ "ref"    :  { "first" : 997, "addr" : 998,  "global" : false  }   } ,
		{ "printf" : 36 } ,
		{ "ref"    :  { "first" : 997, "addr" : 998,  "global" : false  }   } ,
		{ "assign" :  { "path" : "main" ,  "first" : 997 ,  "addr" : 998 ,  "value" : 5 , "global" : false    }   },
		{ "ref"    :  { "first" : 997, "addr" : 998,  "global" : false  }   } ,
		{ "ref"    :  { "first" : 997, "addr" : 997,  "global" : false  }   } ,
		{ "ref"    :  { "first" : 997, "addr" : 998,  "global" : false  }   } ,
		{ "printf" : 45 } ,
		{ "ref"    :  { "first" : 997, "addr" : 998,  "global" : false  }   } ,
		{ "assign" :  { "path" : "main" ,  "first" : 997 ,  "addr" : 998 ,  "value" : 6 , "global" : false    }   },
		{ "ref"    :  { "first" : 997, "addr" : 998,  "global" : false  }   } ,
		{ "ref"    :  { "first" : 997, "addr" : 997,  "global" : false  }   } ,
		{ "ref"    :  { "first" : 997, "addr" : 998,  "global" : false  }   } ,
		{ "printf" : 54 } ,
		{ "ref"    :  { "first" : 997, "addr" : 998,  "global" : false  }   } ,
		{ "assign" :  { "path" : "main" ,  "first" : 997 ,  "addr" : 998 ,  "value" : 7 , "global" : false    }   },
		{ "ref"    :  { "first" : 997, "addr" : 998,  "global" : false  }   } ,
		{ "ref"    :  { "first" : 997, "addr" : 997,  "global" : false  }   } ,
		{ "ref"    :  { "first" : 997, "addr" : 998,  "global" : false  }   } ,
		{ "printf" : 63 } ,
		{ "ref"    :  { "first" : 997, "addr" : 998,  "global" : false  }   } ,
		{ "assign" :  { "path" : "main" ,  "first" : 997 ,  "addr" : 998 ,  "value" : 8 , "global" : false    }   },
		{ "ref"    :  { "first" : 997, "addr" : 998,  "global" : false  }   } ,
		{ "ref"    :  { "first" : 997, "addr" : 997,  "global" : false  }   } ,
		{ "ref"    :  { "first" : 997, "addr" : 998,  "global" : false  }   } ,
		{ "printf" : 72 } ,
		{ "ref"    :  { "first" : 997, "addr" : 998,  "global" : false  }   } ,
		{ "assign" :  { "path" : "main" ,  "first" : 997 ,  "addr" : 998 ,  "value" : 9 , "global" : false    }   },
		{ "ref"    :  { "first" : 997, "addr" : 998,  "global" : false  }   } ,
		{ "ref"    :  { "first" : 997, "addr" : 997,  "global" : false  }   } ,
		{ "ref"    :  { "first" : 997, "addr" : 998,  "global" : false  }   } ,
		{ "printf" : 81 } ,
		{ "ref"    :  { "first" : 997, "addr" : 998,  "global" : false  }   } ,
		{ "assign" :  { "path" : "main" ,  "first" : 997 ,  "addr" : 998 ,  "value" : 10 , "global" : false    }   },
		{ "ref"    :  { "first" : 997, "addr" : 998,  "global" : false  }   } ,
		{ "ref"    :  { "first" : 997, "addr" : 997,  "global" : false  }   } ,
		{ "assign" :  { "path" : "main" ,  "first" : 997 ,  "addr" : 997 ,  "value" : 10 , "global" : false    }   },
		{ "ref"    :  { "first" : 997, "addr" : 997,  "global" : false  }   } ,
		{ "return" : 0 }, 
		{ "halt"   : 0  }  ]    , 
 "info" :       { "depth" : 1, "call" : 1, "max" : 10,  "min" : 0, "assign" : true   }    }