{ "global" : [ 
		{ "name" : "f", "type" : "int", "class" : "func" } ,
		{ "name" : "main", "type" : "int", "class" : "func" } 	]	 ,

 "local" : [ 
		 { "function" : "f", "var" : "x", "type" : "int", "class" : "param" } , 
		 { "function" : "f", "var" : "temp", "type" : "int", "class" : "var" } 	],
 "code" : 
[		{ "call"   :  { "function"  : "main" , "param" : [ ]  }  } ,
		{ "call"   :  { "function"  : "f" ,  "param" : [  5  ]  }   },
		{ "ref"    :  { "first" : 996, "addr" : 996,  "global" : false  }   } ,
		{ "ref"    :  { "first" : 996, "addr" : 996,  "global" : false  }   } ,
		{ "ref"    :  { "first" : 996, "addr" : 996,  "global" : false  }   } ,
		{ "call"   :  { "function"  : "f" ,  "param" : [  4  ]  }   },
		{ "ref"    :  { "first" : 993, "addr" : 993,  "global" : false  }   } ,
		{ "ref"    :  { "first" : 993, "addr" : 993,  "global" : false  }   } ,
		{ "ref"    :  { "first" : 993, "addr" : 993,  "global" : false  }   } ,
		{ "call"   :  { "function"  : "f" ,  "param" : [  3  ]  }   },
		{ "ref"    :  { "first" : 990, "addr" : 990,  "global" : false  }   } ,
		{ "ref"    :  { "first" : 990, "addr" : 990,  "global" : false  }   } ,
		{ "ref"    :  { "first" : 990, "addr" : 990,  "global" : false  }   } ,
		{ "call"   :  { "function"  : "f" ,  "param" : [  2  ]  }   },
		{ "ref"    :  { "first" : 987, "addr" : 987,  "global" : false  }   } ,
		{ "ref"    :  { "first" : 987, "addr" : 987,  "global" : false  }   } ,
		{ "ref"    :  { "first" : 987, "addr" : 987,  "global" : false  }   } ,
		{ "call"   :  { "function"  : "f" ,  "param" : [  1  ]  }   },
		{ "ref"    :  { "first" : 984, "addr" : 984,  "global" : false  }   } ,
		{ "ref"    :  { "first" : 984, "addr" : 984,  "global" : false  }   } ,
		{ "ref"    :  { "first" : 984, "addr" : 984,  "global" : false  }   } ,
		{ "call"   :  { "function"  : "f" ,  "param" : [  0  ]  }   },
		{ "ref"    :  { "first" : 981, "addr" : 981,  "global" : false  }   } ,
		{ "return" : 1 }, 
		{ "assign" :  { "path" : "main,f,f,f,f,f" ,  "first" : 984 ,  "addr" : 985 ,  "value" : 1 , "global" : false    }   },
		{ "ref"    :  { "first" : 984, "addr" : 985,  "global" : false  }   } ,
		{ "return" : 1 }, 
		{ "assign" :  { "path" : "main,f,f,f,f" ,  "first" : 987 ,  "addr" : 988 ,  "value" : 2 , "global" : false    }   },
		{ "ref"    :  { "first" : 987, "addr" : 988,  "global" : false  }   } ,
		{ "return" : 2 }, 
		{ "assign" :  { "path" : "main,f,f,f" ,  "first" : 990 ,  "addr" : 991 ,  "value" : 6 , "global" : false    }   },
		{ "ref"    :  { "first" : 990, "addr" : 991,  "global" : false  }   } ,
		{ "return" : 6 }, 
		{ "assign" :  { "path" : "main,f,f" ,  "first" : 993 ,  "addr" : 994 ,  "value" : 24 , "global" : false    }   },
		{ "ref"    :  { "first" : 993, "addr" : 994,  "global" : false  }   } ,
		{ "return" : 24 }, 
		{ "assign" :  { "path" : "main,f" ,  "first" : 996 ,  "addr" : 997 ,  "value" : 120 , "global" : false    }   },
		{ "ref"    :  { "first" : 996, "addr" : 997,  "global" : false  }   } ,
		{ "return" : 120 }, 
		{ "printf" : 120 } ,
		{ "return" : 0 }, 
		{ "halt"   : 0  }  ]    , 
 "info" :       { "depth" : 7, "call" : 7, "max" : 120,  "min" : 0, "assign" : true   }    }
