{ "global" : [ 
		{ "name" : "euclid", "type" : "int", "class" : "func" } ,
		{ "name" : "main", "type" : "int", "class" : "func" } 	]	 ,

 "local" : [ 
		 { "function" : "euclid", "var" : "a", "type" : "int", "class" : "param" } , 
		 { "function" : "euclid", "var" : "b", "type" : "int", "class" : "param" } , 
		 { "function" : "euclid", "var" : "temp", "type" : "int", "class" : "var" } , 
		 { "function" : "euclid", "var" : "x", "type" : "int", "class" : "var" } , 
		 { "function" : "euclid", "var" : "y", "type" : "int", "class" : "var" } , 
		 { "function" : "euclid", "var" : "z", "type" : "int", "class" : "var" } 	],
 "code" : 
[		{ "call"   :  { "function"  : "main" , "param" : [ ]  }  } ,
		{ "call"   :  { "function"  : "euclid" ,  "param" : [  120 , 52  ]  }   },
		{ "ref"    :  { "first" : 992, "addr" : 992,  "global" : false  }   } ,
		{ "ref"    :  { "first" : 992, "addr" : 993,  "global" : false  }   } ,
		{ "ref"    :  { "first" : 992, "addr" : 992,  "global" : false  }   } ,
		{ "assign" :  { "path" : "main,euclid" ,  "first" : 992 ,  "addr" : 994 ,  "value" : 52 , "global" : false    }   },
		{ "ref"    :  { "first" : 992, "addr" : 993,  "global" : false  }   } ,
		{ "assign" :  { "path" : "main,euclid" ,  "first" : 992 ,  "addr" : 992 ,  "value" : 120 , "global" : false    }   },
		{ "ref"    :  { "first" : 992, "addr" : 994,  "global" : false  }   } ,
		{ "assign" :  { "path" : "main,euclid" ,  "first" : 992 ,  "addr" : 993 ,  "value" : 52 , "global" : false    }   },
		{ "ref"    :  { "first" : 992, "addr" : 993,  "global" : false  }   } ,
		{ "ref"    :  { "first" : 992, "addr" : 992,  "global" : false  }   } ,
		{ "ref"    :  { "first" : 992, "addr" : 993,  "global" : false  }   } ,
		{ "ref"    :  { "first" : 992, "addr" : 993,  "global" : false  }   } ,
		{ "ref"    :  { "first" : 992, "addr" : 992,  "global" : false  }   } ,
		{ "ref"    :  { "first" : 992, "addr" : 993,  "global" : false  }   } ,
		{ "call"   :  { "function"  : "euclid" ,  "param" : [  16 , 52  ]  }   },
		{ "ref"    :  { "first" : 985, "addr" : 985,  "global" : false  }   } ,
		{ "ref"    :  { "first" : 985, "addr" : 986,  "global" : false  }   } ,
		{ "ref"    :  { "first" : 985, "addr" : 986,  "global" : false  }   } ,
		{ "ref"    :  { "first" : 985, "addr" : 985,  "global" : false  }   } ,
		{ "ref"    :  { "first" : 985, "addr" : 986,  "global" : false  }   } ,
		{ "ref"    :  { "first" : 985, "addr" : 986,  "global" : false  }   } ,
		{ "ref"    :  { "first" : 985, "addr" : 985,  "global" : false  }   } ,
		{ "ref"    :  { "first" : 985, "addr" : 986,  "global" : false  }   } ,
		{ "call"   :  { "function"  : "euclid" ,  "param" : [  4 , 16  ]  }   },
		{ "ref"    :  { "first" : 978, "addr" : 978,  "global" : false  }   } ,
		{ "ref"    :  { "first" : 978, "addr" : 979,  "global" : false  }   } ,
		{ "ref"    :  { "first" : 978, "addr" : 979,  "global" : false  }   } ,
		{ "ref"    :  { "first" : 978, "addr" : 978,  "global" : false  }   } ,
		{ "ref"    :  { "first" : 978, "addr" : 979,  "global" : false  }   } ,
		{ "ref"    :  { "first" : 978, "addr" : 979,  "global" : false  }   } ,
		{ "return" : 4 }, 
		{ "return" : 4 }, 
		{ "return" : 4 }, 
		{ "printf" : 4 } ,
		{ "return" : 0 }, 
		{ "halt"   : 0  }  ]    , 
 "info" :       { "depth" : 4, "call" : 4, "max" : 120,  "min" : 4, "assign" : true   }    }
